[
    {
      "id": 1,
      "Name": "Scissors",
      "Description": "use this to cut stuff",
      "Price": 6.99
    },
    {
      "id": 2,
      "Name": "Steak Knifes",
      "Description": "use this to eat food",
      "Price": 10.99
    },
    {
      "id": 3,
      "Name": "Skewers",
      "Description": "use this to roast food",
      "Price": 23.45
    },
    {
      "id": 4,
      "Name": "Baking tray",
      "Description":"use this to bake food" ,
      "Price": 3.45
    },
    {
      "id": 5,
      "Name": "Fitbit",
      "Description": "use track fitness",
      "Price": 43.45
    },
    {
      "id": 6,
      "Name": "Resistance band",
      "Description": "keeps us Fit",
      "Price": 45.67
    },
    {
      "id": 7,
      "Name": "Cutting Board",
      "Description": "use for cutting",
      "Price": 29.54
    },
    {
      "id": 8,
      "Name": "Washing Machine",
      "Description": "use to wash cloths",
      "Price":20000
    },
    {
      "id": 9,
      "Name": "wiper",
      "Description": "use to clean surface",
      "Price": 80.52
    },
    {
      "id": 10,
      "Name": "Trash bags",
      "Description": "use to collect trash",
      "Price": 25.20
    }
    
  ]
